Tweet Content,Source,Cleaned_Tweet
UBER market cap would get destroyed ğŸ˜‚,,uber market cap would get destroyed
@trader_dan @Callum_Thomas The stock market has never been safe and will never be. Stocks are risky assets and the risk sometimes appears in the most unexpected moment. We need to be always mindful of this,,stock market never safe never stocks risky assets risk sometimes appears unexpected moment need always mindful
"@MichaelHieber13 @Sigma_6_Cypher @TalbertSwan Itâ€™s true if instead of putting it in a money market account, you put in stock &amp; bond index fund.",,true instead putting money market account put stock amp bond index fund
"@DamianLow3 Business is abandoning the Uk, consumer confidence at an all time low and the stock market down . Genius",,business abandoning uk consumer confidence time low stock market genius
"@TheDeviantBoss Thanks for your comments,Make sure you join  Iced Telegram. So you dont miss investment and trading ideas on # Bitcoin # Crypto and the # Stock market.and get to learn more of my trading strategies and successful tips",,thanks commentsmake sure join iced telegram dont miss investment trading ideas bitcoin crypto stock marketand get learn trading strategies successful tips
ğŸ‘‡ğŸ‘‡ğŸ‘‡,,
https://t.co/zqH1YelTnE,,
All of them must come to mfd  ( Entrepreneur ) + stock market intermediary + trainer s office .,,must come mfd entrepreneur stock market intermediary trainer office
To learn wealth management + financial intelligence + financial planning + skills + power of compounding + how to avoid taxes  + generational  wealth . Good . https://t.co/5MX1D2kS2M,,learn wealth management financial intelligence financial planning skills power compounding avoid taxes generational wealth good
"@Sigma_6_Cypher @TalbertSwan I think thatâ€™s a little bit inflated. But do the same calculation, but put the money in the stock market and the return is 45 times that of what you get from a money market.",,think thats little bit inflated calculation put money stock market return times get money market
London Stock Market Exodus Worst in 14 Years Under Labour https://t.co/p75Pk2Zu74 #RachelfromAccounts crashed the economy!,,london stock market exodus worst years labour crashed economy
#bbcnews #skynews #ITVNews #GBNews #c4news https://t.co/vBMAQTKqeI,,
Start winning in the stock market TODAY with our time-tested signals ğŸ’¥,,start winning stock market today timetested signals
https://t.co/PvzEEaJylt,,
$SOL $TRB $ORDI $SEI $OP $MOVR $BSV $USDT $BTC $ETH $ETC $TRX $CAKE $INJ $UNI $BONK $KAS $COQ $CREAM $CAT $MNT $ICP $FTT $VET $IOTA $BCH $ASTR $XLM $XEC $TON https://t.co/15nEZcKGxb,,sol trb ordi sei op movr bsv usdt btc eth etc trx cake inj uni bonk kas coq cream cat mnt icp ftt vet iota bch astr xlm xec ton
@elonmusk What about low productivity private sector jobs like in the health insurance industry? Or does that not count because stock market gains and corporate profits are what you mean by productivity and usefulness?,,low productivity private sector jobs like health insurance industry count stock market gains corporate profits mean productivity usefulness
"@FearedBuck Itâ€™s not a scam, itâ€™s almost every startup ever. If you didnâ€™t sell at the top early then you shouldnâ€™t be in any sort of stock market or BTC.",,scam almost every startup ever didnt sell top early shouldnt sort stock market btc
The forward stock split by $Bolt Metals Corp. is a strategic move to enhance market participation and liquidity. ğŸ’¹,,forward stock split bolt metals corp strategic move enhance market participation liquidity
#StockMarket #InvestorRelations $SCHB $ITOT $SPTM #UniswapHack #WORLDBESTHERO $HOOD $MSTR $UNH https://t.co/vD7VOPXcdk,,schb itot sptm hood mstr unh
"@funfacts63 I don't have knowledge of stock market, please tell me",,dont knowledge stock market please tell
@kaps_chartist @SarangSood Stock market ki ram ram satya hai karke hi dam legi ğŸ˜¡,,stock market ki ram ram satya hai karke hi dam legi
Title: 1. **Tractor Supply Sets Bold Growth Targets: A New Era Begins!**,,title tractor supply sets bold growth targets new era begins
2. **Revolutionizing the Market: Tractor Supply's Ambitious Future Unveiled**,,revolutionizing market tractor supplys ambitious future unveiled
3. **5-for-1 Stock Split: Tractor Supply Poised for Explosive Growth!**,,stock split tractor supply poised explosive growth
4. **Tractor Supply's Strategicâ€¦ https://t.co/dCx4Qi59Dt,,tractor supplys strategic
@sweinand Please Sir ğŸ’š,,please sir
Did the US Stock market valuation hit $64 Trillion milestone ?,,us stock market valuation hit trillion milestone
Monopoly Leaders in The Stock Market!ğŸ¯ https://t.co/LmGpXHSsLI,,monopoly leaders stock market
"@3NooN65 Thanks for your comments,Make sure you join  Iced Telegram. So you dont miss investment and trading ideas on # Bitcoin # Crypto and the # Stock market.and get to learn more of my trading strategies and successful tips",,thanks commentsmake sure join iced telegram dont miss investment trading ideas bitcoin crypto stock marketand get learn trading strategies successful tips
ğŸ‘‡ğŸ‘‡ğŸ‘‡,,
https://t.co/zqH1YelTnE,,
"@05l960282952052 Thanks for your comments,Make sure you join  Iced Telegram. So you dont miss investment and trading ideas on # Bitcoin # Crypto and the # Stock market.and get to learn more of my trading strategies and successful tips",,thanks commentsmake sure join iced telegram dont miss investment trading ideas bitcoin crypto stock marketand get learn trading strategies successful tips
ğŸ‘‡ğŸ‘‡ğŸ‘‡,,
https://t.co/zqH1YelTnE,,
"@CreadoProceso Thanks for your comments,Make sure you join  Iced Telegram. So you dont miss investment and trading ideas on # Bitcoin # Crypto and the # Stock market.and get to learn more of my trading strategies and successful tips",,thanks commentsmake sure join iced telegram dont miss investment trading ideas bitcoin crypto stock marketand get learn trading strategies successful tips
ğŸ‘‡ğŸ‘‡ğŸ‘‡,,
https://t.co/zqH1YelTnE,,
"@ZafarHilaly Discuss reasons. as long as ther z no  accountability of robbers, things R not going right. how many times the same story has  been told &amp; celebrated. stock market crossed high levels and cpec is coming gawadr booming bla bla All these good4 media ads but won't do any good 2 pak",,discuss reasons long ther z accountability robbers things r going right many times story told amp celebrated stock market crossed high levels cpec coming gawadr booming bla bla good media ads wont good pak
"@trenchviking Thanks for your comments,Make sure you join  Iced Telegram. So you dont miss investment and trading ideas on # Bitcoin # Crypto and the # Stock market.and get to learn more of my trading strategies and successful tips",,thanks commentsmake sure join iced telegram dont miss investment trading ideas bitcoin crypto stock marketand get learn trading strategies successful tips
ğŸ‘‡ğŸ‘‡ğŸ‘‡,,
https://t.co/zqH1YelTnE,,
Stock Picks: RBI à¤ªà¥‰à¤²à¤¿à¤¸à¥€ à¤•à¥‡ à¤¬à¤¾à¤¦ 1 à¤®à¤¹à¥€à¤¨à¥‡ à¤•à¥‡ à¤²à¤¿à¤ à¤‡à¤¨ 5 à¤¶à¥‡à¤¯à¤°à¥‹à¤‚ à¤®à¥‡à¤‚ à¤•à¤®à¤¾à¤ˆ à¤•à¤¾ à¤¬à¤¡à¤¼à¤¾ à¤®à¥Œà¤•à¤¾- à¤Ÿà¤¾à¤°à¤—à¥‡à¤Ÿ à¤•à¤°à¥‡à¤‚ à¤¨à¥‹à¤Ÿ,,stock picks rbi
#RBIPolicy #RBI #RBICreditPolicy,,
#RBIMPC,,
https://t.co/BRRoRzl6T3,,
BofA's Hartnett sees a 'high' risk the S&amp;P 500 overshoots in Q1 https://t.co/6spY32WGrO,,bofas hartnett sees high risk sampp overshoots q
"@denmanu1989 Thanks for your comments,Make sure you join  Iced Telegram. So you dont miss investment and trading ideas on # Bitcoin # Crypto and the # Stock market.and get to learn more of my trading strategies and successful tips",,thanks commentsmake sure join iced telegram dont miss investment trading ideas bitcoin crypto stock marketand get learn trading strategies successful tips
ğŸ‘‡ğŸ‘‡ğŸ‘‡,,
https://t.co/zqH1YelTnE,,
@ajnabi_0179 Stock market me loss hi jyada hota hain,,stock market loss hi jyada hota hain
"@Brinna03 Thanks for your comments,Make sure you join  Iced Telegram. So you dont miss investment and trading ideas on # Bitcoin # Crypto and the # Stock market.and get to learn more of my trading strategies and successful tips",,thanks commentsmake sure join iced telegram dont miss investment trading ideas bitcoin crypto stock marketand get learn trading strategies successful tips
ğŸ‘‡ğŸ‘‡ğŸ‘‡,,
https://t.co/zqH1YelTnE,,
Taiwan stock market fluctuates due to strong sector performance,,taiwan stock market fluctuates due strong sector performance
https://t.co/28cxFqRR6o,,
"@MrFliper88 Thanks for your comments,Make sure you join  Iced Telegram. So you dont miss investment and trading ideas on # Bitcoin # Crypto and the # Stock market.and get to learn more of my trading strategies and successful tips",,thanks commentsmake sure join iced telegram dont miss investment trading ideas bitcoin crypto stock marketand get learn trading strategies successful tips
ğŸ‘‡ğŸ‘‡ğŸ‘‡,,
https://t.co/zqH1YelTnE,,
"@unusual_whales @TheRoaringKitty The cat plays with its toy, the stock market. I â¤ï¸ it!",,cat plays toy stock market
"@Stormtrader00 Thanks for your comments,Make sure you join  Iced Telegram. So you dont miss investment and trading ideas on # Bitcoin # Crypto and the # Stock market.and get to learn more of my trading strategies and successful tips",,thanks commentsmake sure join iced telegram dont miss investment trading ideas bitcoin crypto stock marketand get learn trading strategies successful tips
ğŸ‘‡ğŸ‘‡ğŸ‘‡,,
https://t.co/zqH1YelTnE,,
ğŸ“ŒDo we have opportunities in Indian stock market?,,opportunities indian stock market
YES!! ğŸ‘ğŸ¼,,yes
ğŸ“Œ Are those opportunities buy &amp; hold forever stories like Infy from past?,,opportunities buy amp hold forever stories like infy past
Jo naye,naye investors- traders hai unke liye ğŸ“Š,jo naye
SEBI dwara exam karaya jata hai usse de kar apna gyan siddh kare Stock Market me ğŸ“ˆ,,sebi dwara exam karaya jata hai usse de kar apna gyan siddh kare stock market
Janakari nahi hai toh DM kar digiye details &amp; link mil jayega ğŸ“©â™»ï¸,,janakari nahi hai toh dm kar digiye details amp link mil jayega
#StockMarketIndia #SEBI #NISM https://t.co/CVvYe8PULS,,
"#sharemarketindia #StockMarketUpdate #mcxexchangesquare MCX Shares Surge Over 8%, Crossing â‚¹7,000 Mark for the First Time A major milestone in the stock market as MCX hits new highs. #followus @aarambhnewsoffi  #MCX #StockMarket #MCXshares #Investing #MarketSurge #StocksToWatch https://t.co/kNl5l2UqPn",,mcx shares surge crossing mark first time major milestone stock market mcx hits new highs
"@GOBINDA66300151 Thanks for your comments,Make sure you join  Iced Telegram. So you dont miss investment and trading ideas on # Bitcoin # Crypto and the # Stock market.and get to learn more of my trading strategies and successful tips",,thanks commentsmake sure join iced telegram dont miss investment trading ideas bitcoin crypto stock marketand get learn trading strategies successful tips
ğŸ‘‡ğŸ‘‡ğŸ‘‡,,
https://t.co/zqH1YelTnE,,
@ajnabi_0179 I don't know about stock market,,dont know stock market
"@SaneMacco Thanks for your comments,Make sure you join  Iced Telegram. So you dont miss investment and trading ideas on # Bitcoin # Crypto and the # Stock market.and get to learn more of my trading strategies and successful tips",,thanks commentsmake sure join iced telegram dont miss investment trading ideas bitcoin crypto stock marketand get learn trading strategies successful tips
ğŸ‘‡ğŸ‘‡ğŸ‘‡,,
https://t.co/zqH1YelTnE,,
@SEBI_India @NSEIndia,,
this case not announced before stock market listing.,,case announced stock market listing
IPO à¤•à¥‡ à¤¨à¤¾à¤® à¤ªà¥‡ à¤›à¥‹à¤Ÿà¥‡ à¤¨à¤¿à¤µà¥‡à¤¶à¤•à¥‹à¤‚ à¤•à¥‡ à¤¸à¤¾à¤¥ à¤®à¤œà¤¼à¤¾à¤• à¤•à¤¿à¤¯à¤¾ à¤œà¤¾ à¤°à¤¹à¤¾ à¤¹à¥ˆ.,,ipo
@commi_labourGuj à¤¶à¥à¤°à¤® à¤…à¤§à¤¿à¤•à¤¾à¤°à¥€ à¤­à¥€ à¤¶à¤¾à¤®à¤¿à¤².,,
@suchetadalal,,
@pbhushan1,,
@MoneylifeIndia,,
@MahuaMoitra @LabourMinistry,,
@mansukhmandviya @CMOGuj,,
@CVCIndia https://t.co/JpbMdpJ7C5,,
"@itsjusronniee Thanks for your comments,Make sure you join  Iced Telegram. So you dont miss investment and trading ideas on # Bitcoin # Crypto and the # Stock market.and get to learn more of my trading strategies and successful tips",,thanks commentsmake sure join iced telegram dont miss investment trading ideas bitcoin crypto stock marketand get learn trading strategies successful tips
ğŸ‘‡ğŸ‘‡ğŸ‘‡,,
https://t.co/zqH1YelTnE,,
"@HodzaNedin71163 Thanks for your comments,Make sure you join  Iced Telegram. So you dont miss investment and trading ideas on # Bitcoin # Crypto and the # Stock market.and get to learn more of my trading strategies and successful tips",,thanks commentsmake sure join iced telegram dont miss investment trading ideas bitcoin crypto stock marketand get learn trading strategies successful tips
ğŸ‘‡ğŸ‘‡ğŸ‘‡,,
https://t.co/zqH1YelTnE,,
ğŸš¨ğŸ‡°ğŸ‡·,,
"In South Korea's crisis playbook, currency stability is paramount",,south koreas crisis playbook currency stability paramount
"The won is down 9% this year against the dollar, while the KOSPI index has shed 8%, both lagging their emerging market peers. Foreign money has been leaving Korea's stock market since August, with outflows inâ€¦ https://t.co/27T3OABkU0 https://t.co/gif8CcEhK2",,year dollar kospi index shed lagging emerging market peers foreign money leaving koreas stock market since august outflows
"@PavingBric54302 Thanks for your comments,Make sure you join  Iced Telegram. So you dont miss investment and trading ideas on # Bitcoin # Crypto and the # Stock market.and get to learn more of my trading strategies and successful tips",,thanks commentsmake sure join iced telegram dont miss investment trading ideas bitcoin crypto stock marketand get learn trading strategies successful tips
ğŸ‘‡ğŸ‘‡ğŸ‘‡,,
https://t.co/zqH1YelTnE,,
I think we are just in warm-up to a brutal global recession or depression. I have never seen such a bifurcation of economic realities.,,think warmup brutal global recession depression never seen bifurcation economic realities
Investor reality:,,investor reality
A. The US and some other economies appear to be growing strongly,GDP growth.,us economies appear growing strongly
B. The stock market has surged.,,b stock market surged
Citizenâ€¦ https://t.co/vE0GuqdPWs https://t.co/wGECAsP85R,,citizen
"@JAM4FITU Thanks for your comments,Make sure you join  Iced Telegram. So you dont miss investment and trading ideas on # Bitcoin # Crypto and the # Stock market.and get to learn more of my trading strategies and successful tips",,thanks commentsmake sure join iced telegram dont miss investment trading ideas bitcoin crypto stock marketand get learn trading strategies successful tips
ğŸ‘‡ğŸ‘‡ğŸ‘‡,,
https://t.co/zqH1YelTnE,,
"@GachevGeorgi Thanks for your comments,Make sure you join  Iced Telegram. So you dont miss investment and trading ideas on # Bitcoin # Crypto and the # Stock market.and get to learn more of my trading strategies and successful tips",,thanks commentsmake sure join iced telegram dont miss investment trading ideas bitcoin crypto stock marketand get learn trading strategies successful tips
ğŸ‘‡ğŸ‘‡ğŸ‘‡,,
https://t.co/zqH1YelTnE,,
"@mkc020_ Thanks for your comments,Make sure you join  Iced Telegram. So you dont miss investment and trading ideas on # Bitcoin # Crypto and the # Stock market.and get to learn more of my trading strategies and successful tips",,thanks commentsmake sure join iced telegram dont miss investment trading ideas bitcoin crypto stock marketand get learn trading strategies successful tips
ğŸ‘‡ğŸ‘‡ğŸ‘‡,,
https://t.co/zqH1YelTnE,,
Diversify?,,diversify
Let's break down why diversification is so important. Imagine investing all your money in one company stock. If that company hits a rough patch â€“ maybe there's a product recall or a competitor steals their market share â€“ your entire investment could take a nosedive.,,lets break diversification important imagine investing money one company stock company hits rough patch maybe theres product recall competitor steals market share entire investment could take nosedive
"@hollywo0d__ Thanks for your comments,Make sure you join  Iced Telegram. So you dont miss investment and trading ideas on # Bitcoin # Crypto and the # Stock market.and get to learn more of my trading strategies and successful tips",,thanks commentsmake sure join iced telegram dont miss investment trading ideas bitcoin crypto stock marketand get learn trading strategies successful tips
ğŸ‘‡ğŸ‘‡ğŸ‘‡,,
https://t.co/zqH1YelTnE,,
@WR4NYGov @dklein09 You guys completely miss the bigger picture:,,guys completely miss bigger picture
"1. Rises and falls in stock is like saying: ""grass is green""",,rises falls stock like saying grass green
"2. In this type of talk there is an underlying assumption of ""I can time the market"" thinking.",,type talk underlying assumption time market thinking
3. Tesla has proven time and time again that nobody can time Teslaâ€¦ https://t.co/fFUgLabV7B,,tesla proven time time nobody time tesla
Mistake 5,,mistake
I used to get impressed by low PE stocks,,used get impressed low pe stocks
Learning,"If a long listed stock is still at a comparatively low PE, it must be for a reason",learning
I feel the Low PE kind of approach works for the companies which are not yet discovered in the market and awaiting a disruption,,feel low pe kind approach works companies yet discovered market awaiting disruption
"@veryhoodish Thanks for your comments,Make sure you join  Iced Telegram. So you dont miss investment and trading ideas on # Bitcoin # Crypto and the # Stock market.and get to learn more of my trading strategies and successful tips",,thanks commentsmake sure join iced telegram dont miss investment trading ideas bitcoin crypto stock marketand get learn trading strategies successful tips
ğŸ‘‡ğŸ‘‡ğŸ‘‡,,
https://t.co/zqH1YelTnE,,
I think we are just in warm-up to a brutal global recession or depression. I have never seen such a bifurcation of economic realities.,,think warmup brutal global recession depression never seen bifurcation economic realities
Investor reality:,,investor reality
A. The US and some other economies appear to be growing strongly,GDP growth.,us economies appear growing strongly
B. The stock market has surged.,,b stock market surged
Citizenâ€¦ https://t.co/hfmTFAmoIa https://t.co/wGECAsP85R,,citizen
@rtwlz @frankieg_baby You need to get a job with FBI or start using your knowledge to make millions...Start analyzing the stock market and give us your picks,,need get job fbi start using knowledge make millionsstart analyzing stock market give us picks
Non conosci ancora InvestingPro? Scopri il potenziale dellâ€™IA applicata ai mercati https://t.co/Tg09szO3Da,,non conosci ancora investingpro scopri il potenziale dellia applicata ai mercati
"@crusnikpt Thanks for your comments,Make sure you join  Iced Telegram. So you dont miss investment and trading ideas on # Bitcoin # Crypto and the # Stock market.and get to learn more of my trading strategies and successful tips",,thanks commentsmake sure join iced telegram dont miss investment trading ideas bitcoin crypto stock marketand get learn trading strategies successful tips
ğŸ‘‡ğŸ‘‡ğŸ‘‡,,
https://t.co/zqH1YelTnE,,
@ajnabi_0179 Thanks  for stock market updates in all categories,,thanks stock market updates categories
"à¦°à¦•à§‡à¦Ÿ à¦—à¦¤à¦¿à¦¤à§‡ à¦¬à§ƒà¦¦à§à¦§à¦¿! à¦†à¦œ 8.5% à¦¬à§‡à¦¡à¦¼à§‡ à¦°à§‡à¦•à¦°à§à¦¡ à¦‰à¦šà§à¦šà¦¤à¦¾à¦¯à¦¼ MCX -à¦à¦° à¦¶à§‡à¦¯à¦¼à¦¾à¦°, à¦•à§‡à¦¨ à¦œà¦¾à¦¨à§‡à¦¨?",,mcx
#MCXSharePrice #economictimesbengali,,
https://t.co/G9BHpQzlsM,,
"@CryptoJoker48 Thanks for your comments,Make sure you join  Iced Telegram. So you dont miss investment and trading ideas on # Bitcoin # Crypto and the # Stock market.and get to learn more of my trading strategies and successful tips",,thanks commentsmake sure join iced telegram dont miss investment trading ideas bitcoin crypto stock marketand get learn trading strategies successful tips
ğŸ‘‡ğŸ‘‡ğŸ‘‡,,
https://t.co/zqH1YelTnE,,
"@ememfokoobonsol Thanks for your comments,Make sure you join  Iced Telegram. So you dont miss investment and trading ideas on # Bitcoin # Crypto and the # Stock market.and get to learn more of my trading strategies and successful tips",,thanks commentsmake sure join iced telegram dont miss investment trading ideas bitcoin crypto stock marketand get learn trading strategies successful tips
ğŸ‘‡ğŸ‘‡ğŸ‘‡,,
https://t.co/zqH1YelTnE,,
