Tweet Content,Source
UBER market cap would get destroyed ğŸ˜‚,None
@trader_dan @Callum_Thomas The stock market has never been safe and will never be. Stocks are risky assets and the risk sometimes appears in the most unexpected moment. We need to be always mindful of this,None
"@MichaelHieber13 @Sigma_6_Cypher @TalbertSwan Itâ€™s true if instead of putting it in a money market account, you put in stock &amp; bond index fund.",None
"@DamianLow3 Business is abandoning the Uk, consumer confidence at an all time low and the stock market down . Genius",None
"@TheDeviantBoss Thanks for your comments,Make sure you join  Iced Telegram. So you dont miss investment and trading ideas on # Bitcoin # Crypto and the # Stock market.and get to learn more of my trading strategies and successful tips",None
ğŸ‘‡ğŸ‘‡ğŸ‘‡,None
https://t.co/zqH1YelTnE,None
All of them must come to mfd  ( Entrepreneur ) + stock market intermediary + trainer s office .,None
To learn wealth management + financial intelligence + financial planning + skills + power of compounding + how to avoid taxes  + generational  wealth . Good . https://t.co/5MX1D2kS2M,None
"@Sigma_6_Cypher @TalbertSwan I think thatâ€™s a little bit inflated. But do the same calculation, but put the money in the stock market and the return is 45 times that of what you get from a money market.",None
London Stock Market Exodus Worst in 14 Years Under Labour https://t.co/p75Pk2Zu74 #RachelfromAccounts crashed the economy!,None
#bbcnews #skynews #ITVNews #GBNews #c4news https://t.co/vBMAQTKqeI,None
Start winning in the stock market TODAY with our time-tested signals ğŸ’¥,None
https://t.co/PvzEEaJylt,None
$SOL $TRB $ORDI $SEI $OP $MOVR $BSV $USDT $BTC $ETH $ETC $TRX $CAKE $INJ $UNI $BONK $KAS $COQ $CREAM $CAT $MNT $ICP $FTT $VET $IOTA $BCH $ASTR $XLM $XEC $TON https://t.co/15nEZcKGxb,None
@elonmusk What about low productivity private sector jobs like in the health insurance industry? Or does that not count because stock market gains and corporate profits are what you mean by productivity and usefulness?,None
"@FearedBuck Itâ€™s not a scam, itâ€™s almost every startup ever. If you didnâ€™t sell at the top early then you shouldnâ€™t be in any sort of stock market or BTC.",None
The forward stock split by $Bolt Metals Corp. is a strategic move to enhance market participation and liquidity. ğŸ’¹,None
#StockMarket #InvestorRelations $SCHB $ITOT $SPTM #UniswapHack #WORLDBESTHERO $HOOD $MSTR $UNH https://t.co/vD7VOPXcdk,None
"@funfacts63 I don't have knowledge of stock market, please tell me",None
@kaps_chartist @SarangSood Stock market ki ram ram satya hai karke hi dam legi ğŸ˜¡,None
Title: 1. **Tractor Supply Sets Bold Growth Targets: A New Era Begins!**,None
2. **Revolutionizing the Market: Tractor Supply's Ambitious Future Unveiled**,None
3. **5-for-1 Stock Split: Tractor Supply Poised for Explosive Growth!**,None
4. **Tractor Supply's Strategicâ€¦ https://t.co/dCx4Qi59Dt,None
@sweinand Please Sir ğŸ’š,None
Did the US Stock market valuation hit $64 Trillion milestone ?,None
Monopoly Leaders in The Stock Market!ğŸ¯ https://t.co/LmGpXHSsLI,None
"@3NooN65 Thanks for your comments,Make sure you join  Iced Telegram. So you dont miss investment and trading ideas on # Bitcoin # Crypto and the # Stock market.and get to learn more of my trading strategies and successful tips",None
ğŸ‘‡ğŸ‘‡ğŸ‘‡,None
https://t.co/zqH1YelTnE,None
"@05l960282952052 Thanks for your comments,Make sure you join  Iced Telegram. So you dont miss investment and trading ideas on # Bitcoin # Crypto and the # Stock market.and get to learn more of my trading strategies and successful tips",None
ğŸ‘‡ğŸ‘‡ğŸ‘‡,None
https://t.co/zqH1YelTnE,None
"@CreadoProceso Thanks for your comments,Make sure you join  Iced Telegram. So you dont miss investment and trading ideas on # Bitcoin # Crypto and the # Stock market.and get to learn more of my trading strategies and successful tips",None
ğŸ‘‡ğŸ‘‡ğŸ‘‡,None
https://t.co/zqH1YelTnE,None
"@ZafarHilaly Discuss reasons. as long as ther z no  accountability of robbers, things R not going right. how many times the same story has  been told &amp; celebrated. stock market crossed high levels and cpec is coming gawadr booming bla bla All these good4 media ads but won't do any good 2 pak",None
"@trenchviking Thanks for your comments,Make sure you join  Iced Telegram. So you dont miss investment and trading ideas on # Bitcoin # Crypto and the # Stock market.and get to learn more of my trading strategies and successful tips",None
ğŸ‘‡ğŸ‘‡ğŸ‘‡,None
https://t.co/zqH1YelTnE,None
Stock Picks: RBI à¤ªà¥‰à¤²à¤¿à¤¸à¥€ à¤•à¥‡ à¤¬à¤¾à¤¦ 1 à¤®à¤¹à¥€à¤¨à¥‡ à¤•à¥‡ à¤²à¤¿à¤ à¤‡à¤¨ 5 à¤¶à¥‡à¤¯à¤°à¥‹à¤‚ à¤®à¥‡à¤‚ à¤•à¤®à¤¾à¤ˆ à¤•à¤¾ à¤¬à¤¡à¤¼à¤¾ à¤®à¥Œà¤•à¤¾- à¤Ÿà¤¾à¤°à¤—à¥‡à¤Ÿ à¤•à¤°à¥‡à¤‚ à¤¨à¥‹à¤Ÿ,None
#RBIPolicy #RBI #RBICreditPolicy,None
#RBIMPC,None
https://t.co/BRRoRzl6T3,None
BofA's Hartnett sees a 'high' risk the S&amp;P 500 overshoots in Q1 https://t.co/6spY32WGrO,None
"@denmanu1989 Thanks for your comments,Make sure you join  Iced Telegram. So you dont miss investment and trading ideas on # Bitcoin # Crypto and the # Stock market.and get to learn more of my trading strategies and successful tips",None
ğŸ‘‡ğŸ‘‡ğŸ‘‡,None
https://t.co/zqH1YelTnE,None
@ajnabi_0179 Stock market me loss hi jyada hota hain,None
"@Brinna03 Thanks for your comments,Make sure you join  Iced Telegram. So you dont miss investment and trading ideas on # Bitcoin # Crypto and the # Stock market.and get to learn more of my trading strategies and successful tips",None
ğŸ‘‡ğŸ‘‡ğŸ‘‡,None
https://t.co/zqH1YelTnE,None
Taiwan stock market fluctuates due to strong sector performance,None
https://t.co/28cxFqRR6o,None
"@MrFliper88 Thanks for your comments,Make sure you join  Iced Telegram. So you dont miss investment and trading ideas on # Bitcoin # Crypto and the # Stock market.and get to learn more of my trading strategies and successful tips",None
ğŸ‘‡ğŸ‘‡ğŸ‘‡,None
https://t.co/zqH1YelTnE,None
"@unusual_whales @TheRoaringKitty The cat plays with its toy, the stock market. I â¤ï¸ it!",None
"@Stormtrader00 Thanks for your comments,Make sure you join  Iced Telegram. So you dont miss investment and trading ideas on # Bitcoin # Crypto and the # Stock market.and get to learn more of my trading strategies and successful tips",None
ğŸ‘‡ğŸ‘‡ğŸ‘‡,None
https://t.co/zqH1YelTnE,None
ğŸ“ŒDo we have opportunities in Indian stock market?,None
YES!! ğŸ‘ğŸ¼,None
ğŸ“Œ Are those opportunities buy &amp; hold forever stories like Infy from past?,None
Jo naye,naye investors- traders hai unke liye ğŸ“Š
SEBI dwara exam karaya jata hai usse de kar apna gyan siddh kare Stock Market me ğŸ“ˆ,None
Janakari nahi hai toh DM kar digiye details &amp; link mil jayega ğŸ“©â™»ï¸,None
#StockMarketIndia #SEBI #NISM https://t.co/CVvYe8PULS,None
"#sharemarketindia #StockMarketUpdate #mcxexchangesquare MCX Shares Surge Over 8%, Crossing â‚¹7,000 Mark for the First Time A major milestone in the stock market as MCX hits new highs. #followus @aarambhnewsoffi  #MCX #StockMarket #MCXshares #Investing #MarketSurge #StocksToWatch https://t.co/kNl5l2UqPn",None
"@GOBINDA66300151 Thanks for your comments,Make sure you join  Iced Telegram. So you dont miss investment and trading ideas on # Bitcoin # Crypto and the # Stock market.and get to learn more of my trading strategies and successful tips",None
ğŸ‘‡ğŸ‘‡ğŸ‘‡,None
https://t.co/zqH1YelTnE,None
@ajnabi_0179 I don't know about stock market,None
"@SaneMacco Thanks for your comments,Make sure you join  Iced Telegram. So you dont miss investment and trading ideas on # Bitcoin # Crypto and the # Stock market.and get to learn more of my trading strategies and successful tips",None
ğŸ‘‡ğŸ‘‡ğŸ‘‡,None
https://t.co/zqH1YelTnE,None
@SEBI_India @NSEIndia,None
this case not announced before stock market listing.,None
IPO à¤•à¥‡ à¤¨à¤¾à¤® à¤ªà¥‡ à¤›à¥‹à¤Ÿà¥‡ à¤¨à¤¿à¤µà¥‡à¤¶à¤•à¥‹à¤‚ à¤•à¥‡ à¤¸à¤¾à¤¥ à¤®à¤œà¤¼à¤¾à¤• à¤•à¤¿à¤¯à¤¾ à¤œà¤¾ à¤°à¤¹à¤¾ à¤¹à¥ˆ.,None
@commi_labourGuj à¤¶à¥à¤°à¤® à¤…à¤§à¤¿à¤•à¤¾à¤°à¥€ à¤­à¥€ à¤¶à¤¾à¤®à¤¿à¤².,None
@suchetadalal,None
@pbhushan1,None
@MoneylifeIndia,None
@MahuaMoitra @LabourMinistry,None
@mansukhmandviya @CMOGuj,None
@CVCIndia https://t.co/JpbMdpJ7C5,None
"@itsjusronniee Thanks for your comments,Make sure you join  Iced Telegram. So you dont miss investment and trading ideas on # Bitcoin # Crypto and the # Stock market.and get to learn more of my trading strategies and successful tips",None
ğŸ‘‡ğŸ‘‡ğŸ‘‡,None
https://t.co/zqH1YelTnE,None
"@HodzaNedin71163 Thanks for your comments,Make sure you join  Iced Telegram. So you dont miss investment and trading ideas on # Bitcoin # Crypto and the # Stock market.and get to learn more of my trading strategies and successful tips",None
ğŸ‘‡ğŸ‘‡ğŸ‘‡,None
https://t.co/zqH1YelTnE,None
ğŸš¨ğŸ‡°ğŸ‡·,None
"In South Korea's crisis playbook, currency stability is paramount",None
"The won is down 9% this year against the dollar, while the KOSPI index has shed 8%, both lagging their emerging market peers. Foreign money has been leaving Korea's stock market since August, with outflows inâ€¦ https://t.co/27T3OABkU0 https://t.co/gif8CcEhK2",None
"@PavingBric54302 Thanks for your comments,Make sure you join  Iced Telegram. So you dont miss investment and trading ideas on # Bitcoin # Crypto and the # Stock market.and get to learn more of my trading strategies and successful tips",None
ğŸ‘‡ğŸ‘‡ğŸ‘‡,None
https://t.co/zqH1YelTnE,None
I think we are just in warm-up to a brutal global recession or depression. I have never seen such a bifurcation of economic realities.,None
Investor reality:,None
A. The US and some other economies appear to be growing strongly,GDP growth.
B. The stock market has surged.,None
Citizenâ€¦ https://t.co/vE0GuqdPWs https://t.co/wGECAsP85R,None
"@JAM4FITU Thanks for your comments,Make sure you join  Iced Telegram. So you dont miss investment and trading ideas on # Bitcoin # Crypto and the # Stock market.and get to learn more of my trading strategies and successful tips",None
ğŸ‘‡ğŸ‘‡ğŸ‘‡,None
https://t.co/zqH1YelTnE,None
"@GachevGeorgi Thanks for your comments,Make sure you join  Iced Telegram. So you dont miss investment and trading ideas on # Bitcoin # Crypto and the # Stock market.and get to learn more of my trading strategies and successful tips",None
ğŸ‘‡ğŸ‘‡ğŸ‘‡,None
https://t.co/zqH1YelTnE,None
"@mkc020_ Thanks for your comments,Make sure you join  Iced Telegram. So you dont miss investment and trading ideas on # Bitcoin # Crypto and the # Stock market.and get to learn more of my trading strategies and successful tips",None
ğŸ‘‡ğŸ‘‡ğŸ‘‡,None
https://t.co/zqH1YelTnE,None
Diversify?,None
Let's break down why diversification is so important. Imagine investing all your money in one company stock. If that company hits a rough patch â€“ maybe there's a product recall or a competitor steals their market share â€“ your entire investment could take a nosedive.,None
"@hollywo0d__ Thanks for your comments,Make sure you join  Iced Telegram. So you dont miss investment and trading ideas on # Bitcoin # Crypto and the # Stock market.and get to learn more of my trading strategies and successful tips",None
ğŸ‘‡ğŸ‘‡ğŸ‘‡,None
https://t.co/zqH1YelTnE,None
@WR4NYGov @dklein09 You guys completely miss the bigger picture:,None
"1. Rises and falls in stock is like saying: ""grass is green""",None
"2. In this type of talk there is an underlying assumption of ""I can time the market"" thinking.",None
3. Tesla has proven time and time again that nobody can time Teslaâ€¦ https://t.co/fFUgLabV7B,None
Mistake 5,None
I used to get impressed by low PE stocks,None
Learning,"If a long listed stock is still at a comparatively low PE, it must be for a reason"
I feel the Low PE kind of approach works for the companies which are not yet discovered in the market and awaiting a disruption,None
"@veryhoodish Thanks for your comments,Make sure you join  Iced Telegram. So you dont miss investment and trading ideas on # Bitcoin # Crypto and the # Stock market.and get to learn more of my trading strategies and successful tips",None
ğŸ‘‡ğŸ‘‡ğŸ‘‡,None
https://t.co/zqH1YelTnE,None
I think we are just in warm-up to a brutal global recession or depression. I have never seen such a bifurcation of economic realities.,None
Investor reality:,None
A. The US and some other economies appear to be growing strongly,GDP growth.
B. The stock market has surged.,None
Citizenâ€¦ https://t.co/hfmTFAmoIa https://t.co/wGECAsP85R,None
@rtwlz @frankieg_baby You need to get a job with FBI or start using your knowledge to make millions...Start analyzing the stock market and give us your picks,None
Non conosci ancora InvestingPro? Scopri il potenziale dellâ€™IA applicata ai mercati https://t.co/Tg09szO3Da,None
"@crusnikpt Thanks for your comments,Make sure you join  Iced Telegram. So you dont miss investment and trading ideas on # Bitcoin # Crypto and the # Stock market.and get to learn more of my trading strategies and successful tips",None
ğŸ‘‡ğŸ‘‡ğŸ‘‡,None
https://t.co/zqH1YelTnE,None
@ajnabi_0179 Thanks  for stock market updates in all categories,None
"à¦°à¦•à§‡à¦Ÿ à¦—à¦¤à¦¿à¦¤à§‡ à¦¬à§ƒà¦¦à§à¦§à¦¿! à¦†à¦œ 8.5% à¦¬à§‡à¦¡à¦¼à§‡ à¦°à§‡à¦•à¦°à§à¦¡ à¦‰à¦šà§à¦šà¦¤à¦¾à¦¯à¦¼ MCX -à¦à¦° à¦¶à§‡à¦¯à¦¼à¦¾à¦°, à¦•à§‡à¦¨ à¦œà¦¾à¦¨à§‡à¦¨?",None
#MCXSharePrice #economictimesbengali,None
https://t.co/G9BHpQzlsM,None
"@CryptoJoker48 Thanks for your comments,Make sure you join  Iced Telegram. So you dont miss investment and trading ideas on # Bitcoin # Crypto and the # Stock market.and get to learn more of my trading strategies and successful tips",None
ğŸ‘‡ğŸ‘‡ğŸ‘‡,None
https://t.co/zqH1YelTnE,None
"@ememfokoobonsol Thanks for your comments,Make sure you join  Iced Telegram. So you dont miss investment and trading ideas on # Bitcoin # Crypto and the # Stock market.and get to learn more of my trading strategies and successful tips",None
ğŸ‘‡ğŸ‘‡ğŸ‘‡,None
https://t.co/zqH1YelTnE,None
